category,integration_id,integration_name,official_status,transport_or_api,auth_pattern,who_collects_credentials,where_credentials_stored,how_openclaw_exposes_to_agent,agent_to_integration_flow,fetch_send_mode,risk_level,secret_scope,rotation_difficulty,blast_radius,recommended_hardening,risk_profile,source_doc
channel,bluebubbles,BlueBubbles,plugin package,BlueBubbles server API,server creds,OpenClaw onboarding/CLI/login flow and/or config/env,~/.openclaw/openclaw.json (+ ~/.openclaw/.env); channel/session files under $OPENCLAW_STATE_DIR (default ~/.openclaw),Gateway channel adapter uses stored creds; agent receives normalized events/messages.,Agent invokes gateway/channel adapter operations; adapter handles external calls with stored creds.,Agent requests send/fetch via channel adapter; gateway executes with stored creds.,medium,Provider/channel scoped access,Medium,Medium,"Use least-privilege credentials, isolate per integration, rotate every 60–90 days, enable audit logs, and restrict host/network access.","Level=medium; Scope=Provider/channel scoped access; Rotation=Medium; BlastRadius=Medium; Hardening=Use least-privilege credentials, isolate per integration, rotate every 60–90 days, enable audit logs, and restrict host/network access.",docs.openclaw.ai/channels
channel,discord,Discord,core,Discord Bot API,Bot token,OpenClaw onboarding/CLI/login flow and/or config/env,~/.openclaw/openclaw.json (+ ~/.openclaw/.env); channel/session files under $OPENCLAW_STATE_DIR (default ~/.openclaw),Gateway channel adapter uses stored creds; agent receives normalized events/messages.,Agent invokes gateway/channel adapter operations; adapter handles external calls with stored creds.,Agent requests send/fetch via channel adapter; gateway executes with stored creds.,medium-high,Service/account API scope,Medium,Medium-High,"Issue dedicated keys per integration, set spend/rate limits, rotate keys regularly.","Level=medium-high; Scope=Service/account API scope; Rotation=Medium; BlastRadius=Medium-High; Hardening=Issue dedicated keys per integration, set spend/rate limits, rotate keys regularly.",docs.openclaw.ai/channels
channel,feishu,Feishu,plugin,Feishu API,app credentials,OpenClaw onboarding/CLI/login flow and/or config/env,~/.openclaw/openclaw.json (+ ~/.openclaw/.env); channel/session files under $OPENCLAW_STATE_DIR (default ~/.openclaw),Gateway channel adapter uses stored creds; agent receives normalized events/messages.,Agent invokes gateway/channel adapter operations; adapter handles external calls with stored creds.,Agent requests send/fetch via channel adapter; gateway executes with stored creds.,medium,Provider/channel scoped access,Medium,Medium,"Use least-privilege credentials, isolate per integration, rotate every 60–90 days, enable audit logs, and restrict host/network access.","Level=medium; Scope=Provider/channel scoped access; Rotation=Medium; BlastRadius=Medium; Hardening=Use least-privilege credentials, isolate per integration, rotate every 60–90 days, enable audit logs, and restrict host/network access.",docs.openclaw.ai/channels
channel,googlechat,Google Chat,core/plugin-enabled,Google Chat API,service account credentials,OpenClaw onboarding/CLI/login flow and/or config/env,~/.openclaw/openclaw.json (+ ~/.openclaw/.env); channel/session files under $OPENCLAW_STATE_DIR (default ~/.openclaw),Gateway channel adapter uses stored creds; agent receives normalized events/messages.,Agent invokes gateway/channel adapter operations; adapter handles external calls with stored creds.,Agent requests send/fetch via channel adapter; gateway executes with stored creds.,medium,Provider/channel scoped access,Medium,Medium,"Use least-privilege credentials, isolate per integration, rotate every 60–90 days, enable audit logs, and restrict host/network access.","Level=medium; Scope=Provider/channel scoped access; Rotation=Medium; BlastRadius=Medium; Hardening=Use least-privilege credentials, isolate per integration, rotate every 60–90 days, enable audit logs, and restrict host/network access.",docs.openclaw.ai/channels
channel,line,LINE,plugin,LINE Messaging API,channel token/secret,OpenClaw onboarding/CLI/login flow and/or config/env,~/.openclaw/openclaw.json (+ ~/.openclaw/.env); channel/session files under $OPENCLAW_STATE_DIR (default ~/.openclaw),Gateway channel adapter uses stored creds; agent receives normalized events/messages.,Agent invokes gateway/channel adapter operations; adapter handles external calls with stored creds.,Agent requests send/fetch via channel adapter; gateway executes with stored creds.,medium-high,Service/account API scope,Medium,Medium-High,"Issue dedicated keys per integration, set spend/rate limits, rotate keys regularly.","Level=medium-high; Scope=Service/account API scope; Rotation=Medium; BlastRadius=Medium-High; Hardening=Issue dedicated keys per integration, set spend/rate limits, rotate keys regularly.",docs.openclaw.ai/channels
channel,matrix,Matrix,plugin package,Matrix client-server API,token/password login,OpenClaw onboarding/CLI/login flow and/or config/env,~/.openclaw/openclaw.json (+ ~/.openclaw/.env); channel/session files under $OPENCLAW_STATE_DIR (default ~/.openclaw),Gateway channel adapter uses stored creds; agent receives normalized events/messages.,Agent invokes gateway/channel adapter operations; adapter handles external calls with stored creds.,Agent requests send/fetch via channel adapter; gateway executes with stored creds.,medium-high,Service/account API scope,Medium,Medium-High,"Issue dedicated keys per integration, set spend/rate limits, rotate keys regularly.","Level=medium-high; Scope=Service/account API scope; Rotation=Medium; BlastRadius=Medium-High; Hardening=Issue dedicated keys per integration, set spend/rate limits, rotate keys regularly.",docs.openclaw.ai/channels
channel,mattermost,Mattermost,plugin,Mattermost API,bot token + base URL,OpenClaw onboarding/CLI/login flow and/or config/env,~/.openclaw/openclaw.json (+ ~/.openclaw/.env); channel/session files under $OPENCLAW_STATE_DIR (default ~/.openclaw),Gateway channel adapter uses stored creds; agent receives normalized events/messages.,Agent invokes gateway/channel adapter operations; adapter handles external calls with stored creds.,Agent requests send/fetch via channel adapter; gateway executes with stored creds.,medium-high,Service/account API scope,Medium,Medium-High,"Issue dedicated keys per integration, set spend/rate limits, rotate keys regularly.","Level=medium-high; Scope=Service/account API scope; Rotation=Medium; BlastRadius=Medium-High; Hardening=Issue dedicated keys per integration, set spend/rate limits, rotate keys regularly.",docs.openclaw.ai/channels
channel,msteams,Microsoft Teams,plugin,Bot Framework,bot app credentials,OpenClaw onboarding/CLI/login flow and/or config/env,~/.openclaw/openclaw.json (+ ~/.openclaw/.env); channel/session files under $OPENCLAW_STATE_DIR (default ~/.openclaw),Gateway channel adapter uses stored creds; agent receives normalized events/messages.,Agent invokes gateway/channel adapter operations; adapter handles external calls with stored creds.,Agent requests send/fetch via channel adapter; gateway executes with stored creds.,medium,Provider/channel scoped access,Medium,Medium,"Use least-privilege credentials, isolate per integration, rotate every 60–90 days, enable audit logs, and restrict host/network access.","Level=medium; Scope=Provider/channel scoped access; Rotation=Medium; BlastRadius=Medium; Hardening=Use least-privilege credentials, isolate per integration, rotate every 60–90 days, enable audit logs, and restrict host/network access.",docs.openclaw.ai/channels
channel,nextcloud-talk,Nextcloud Talk,plugin package,Nextcloud Talk webhook,bot secret,OpenClaw onboarding/CLI/login flow and/or config/env,~/.openclaw/openclaw.json (+ ~/.openclaw/.env); channel/session files under $OPENCLAW_STATE_DIR (default ~/.openclaw),Gateway channel adapter uses stored creds; agent receives normalized events/messages.,Agent invokes gateway/channel adapter operations; adapter handles external calls with stored creds.,Agent requests send/fetch via channel adapter; gateway executes with stored creds.,medium,Provider/channel scoped access,Medium,Medium,"Use least-privilege credentials, isolate per integration, rotate every 60–90 days, enable audit logs, and restrict host/network access.","Level=medium; Scope=Provider/channel scoped access; Rotation=Medium; BlastRadius=Medium; Hardening=Use least-privilege credentials, isolate per integration, rotate every 60–90 days, enable audit logs, and restrict host/network access.",docs.openclaw.ai/channels
channel,nostr,Nostr,plugin package,Nostr relays,private key,OpenClaw onboarding/CLI/login flow and/or config/env,~/.openclaw/openclaw.json (+ ~/.openclaw/.env); channel/session files under $OPENCLAW_STATE_DIR (default ~/.openclaw),Gateway channel adapter uses stored creds; agent receives normalized events/messages.,Agent invokes gateway/channel adapter operations; adapter handles external calls with stored creds.,Agent requests send/fetch via channel adapter; gateway executes with stored creds.,medium,Provider/channel scoped access,Medium,Medium,"Use least-privilege credentials, isolate per integration, rotate every 60–90 days, enable audit logs, and restrict host/network access.","Level=medium; Scope=Provider/channel scoped access; Rotation=Medium; BlastRadius=Medium; Hardening=Use least-privilege credentials, isolate per integration, rotate every 60–90 days, enable audit logs, and restrict host/network access.",docs.openclaw.ai/channels
channel,signal,Signal,core,signal-cli bridge,linked account/session,OpenClaw onboarding/CLI/login flow and/or config/env,~/.openclaw/openclaw.json (+ ~/.openclaw/.env); channel/session files under $OPENCLAW_STATE_DIR (default ~/.openclaw),Gateway channel adapter uses stored creds; agent receives normalized events/messages.,Agent invokes gateway/channel adapter operations; adapter handles external calls with stored creds.,Agent requests send/fetch via channel adapter; gateway executes with stored creds.,high,Local account/session + host permissions,High,High,"Harden host OS, dedicated service user, strict filesystem permissions, monitor bridge processes.","Level=high; Scope=Local account/session + host permissions; Rotation=High; BlastRadius=High; Hardening=Harden host OS, dedicated service user, strict filesystem permissions, monitor bridge processes.",docs.openclaw.ai/channels
channel,slack,Slack,core,Slack API,appToken + botToken,OpenClaw onboarding/CLI/login flow and/or config/env,~/.openclaw/openclaw.json (+ ~/.openclaw/.env); channel/session files under $OPENCLAW_STATE_DIR (default ~/.openclaw),Gateway channel adapter uses stored creds; agent receives normalized events/messages.,Agent invokes gateway/channel adapter operations; adapter handles external calls with stored creds.,Agent requests send/fetch via channel adapter; gateway executes with stored creds.,medium-high,Service/account API scope,Medium,Medium-High,"Issue dedicated keys per integration, set spend/rate limits, rotate keys regularly.","Level=medium-high; Scope=Service/account API scope; Rotation=Medium; BlastRadius=Medium-High; Hardening=Issue dedicated keys per integration, set spend/rate limits, rotate keys regularly.",docs.openclaw.ai/channels
channel,telegram,Telegram,core,Telegram Bot API,Bot token,OpenClaw onboarding/CLI/login flow and/or config/env,~/.openclaw/openclaw.json (+ ~/.openclaw/.env); channel/session files under $OPENCLAW_STATE_DIR (default ~/.openclaw),Gateway channel adapter uses stored creds; agent receives normalized events/messages.,Agent invokes gateway/channel adapter operations; adapter handles external calls with stored creds.,Agent requests send/fetch via channel adapter; gateway executes with stored creds.,medium-high,Service/account API scope,Medium,Medium-High,"Issue dedicated keys per integration, set spend/rate limits, rotate keys regularly.","Level=medium-high; Scope=Service/account API scope; Rotation=Medium; BlastRadius=Medium-High; Hardening=Issue dedicated keys per integration, set spend/rate limits, rotate keys regularly.",docs.openclaw.ai/channels
channel,tlon,Tlon (Urbit),plugin,Urbit/Tlon API,URL + login code,OpenClaw onboarding/CLI/login flow and/or config/env,~/.openclaw/openclaw.json (+ ~/.openclaw/.env); channel/session files under $OPENCLAW_STATE_DIR (default ~/.openclaw),Gateway channel adapter uses stored creds; agent receives normalized events/messages.,Agent invokes gateway/channel adapter operations; adapter handles external calls with stored creds.,Agent requests send/fetch via channel adapter; gateway executes with stored creds.,medium,Provider/channel scoped access,Medium,Medium,"Use least-privilege credentials, isolate per integration, rotate every 60–90 days, enable audit logs, and restrict host/network access.","Level=medium; Scope=Provider/channel scoped access; Rotation=Medium; BlastRadius=Medium; Hardening=Use least-privilege credentials, isolate per integration, rotate every 60–90 days, enable audit logs, and restrict host/network access.",docs.openclaw.ai/channels
channel,twitch,Twitch,plugin,Twitch IRC/API,OAuth token,OpenClaw onboarding/CLI/login flow and/or config/env,~/.openclaw/openclaw.json (+ ~/.openclaw/.env); channel/session files under $OPENCLAW_STATE_DIR (default ~/.openclaw),Gateway channel adapter uses stored creds; agent receives normalized events/messages.,Agent invokes gateway/channel adapter operations; adapter handles external calls with stored creds.,Agent requests send/fetch via channel adapter; gateway executes with stored creds.,high,User delegated scopes / refresh tokens,Medium-High,High,"Minimize OAuth scopes, enforce re-consent/revocation playbooks, separate auth profiles per agent.","Level=high; Scope=User delegated scopes / refresh tokens; Rotation=Medium-High; BlastRadius=High; Hardening=Minimize OAuth scopes, enforce re-consent/revocation playbooks, separate auth profiles per agent.",docs.openclaw.ai/channels
channel,webchat,WebChat,core,Gateway web UI / websocket,gateway auth token/password,OpenClaw onboarding/CLI/login flow and/or config/env,~/.openclaw/openclaw.json (+ ~/.openclaw/.env); channel/session files under $OPENCLAW_STATE_DIR (default ~/.openclaw),Gateway channel adapter uses stored creds; agent receives normalized events/messages.,Agent invokes gateway/channel adapter operations; adapter handles external calls with stored creds.,Agent requests send/fetch via channel adapter; gateway executes with stored creds.,medium-high,Service/account API scope,Medium,Medium-High,"Issue dedicated keys per integration, set spend/rate limits, rotate keys regularly.","Level=medium-high; Scope=Service/account API scope; Rotation=Medium; BlastRadius=Medium-High; Hardening=Issue dedicated keys per integration, set spend/rate limits, rotate keys regularly.",docs.openclaw.ai/channels
channel,whatsapp,WhatsApp,core,Baileys / WhatsApp Web,QR pairing session,OpenClaw onboarding/CLI/login flow and/or config/env,~/.openclaw/openclaw.json (+ ~/.openclaw/.env); channel/session files under $OPENCLAW_STATE_DIR (default ~/.openclaw),Gateway channel adapter uses stored creds; agent receives normalized events/messages.,Agent invokes gateway/channel adapter operations; adapter handles external calls with stored creds.,Agent requests send/fetch via channel adapter; gateway executes with stored creds.,high,Persistent messaging identity/session,Medium-High,High,"Protect session files at rest, isolate host, use allowlists, and re-pair on compromise.","Level=high; Scope=Persistent messaging identity/session; Rotation=Medium-High; BlastRadius=High; Hardening=Protect session files at rest, isolate host, use allowlists, and re-pair on compromise.",docs.openclaw.ai/channels
channel,zalo,Zalo Bot API,plugin package,Zalo API,app creds/token,OpenClaw onboarding/CLI/login flow and/or config/env,~/.openclaw/openclaw.json (+ ~/.openclaw/.env); channel/session files under $OPENCLAW_STATE_DIR (default ~/.openclaw),Gateway channel adapter uses stored creds; agent receives normalized events/messages.,Agent invokes gateway/channel adapter operations; adapter handles external calls with stored creds.,Agent requests send/fetch via channel adapter; gateway executes with stored creds.,medium-high,Service/account API scope,Medium,Medium-High,"Issue dedicated keys per integration, set spend/rate limits, rotate keys regularly.","Level=medium-high; Scope=Service/account API scope; Rotation=Medium; BlastRadius=Medium-High; Hardening=Issue dedicated keys per integration, set spend/rate limits, rotate keys regularly.",docs.openclaw.ai/channels
channel,zalouser,Zalo Personal,plugin package,zca-cli bridge,QR session,OpenClaw onboarding/CLI/login flow and/or config/env,~/.openclaw/openclaw.json (+ ~/.openclaw/.env); channel/session files under $OPENCLAW_STATE_DIR (default ~/.openclaw),Gateway channel adapter uses stored creds; agent receives normalized events/messages.,Agent invokes gateway/channel adapter operations; adapter handles external calls with stored creds.,Agent requests send/fetch via channel adapter; gateway executes with stored creds.,high,Persistent messaging identity/session,Medium-High,High,"Protect session files at rest, isolate host, use allowlists, and re-pair on compromise.","Level=high; Scope=Persistent messaging identity/session; Rotation=Medium-High; BlastRadius=High; Hardening=Protect session files at rest, isolate host, use allowlists, and re-pair on compromise.",docs.openclaw.ai/channels
channel,imessage,iMessage (legacy),core,imsg + local Messages DB,local macOS permissions/session,OpenClaw onboarding/CLI/login flow and/or config/env,~/.openclaw/openclaw.json (+ ~/.openclaw/.env); channel/session files under $OPENCLAW_STATE_DIR (default ~/.openclaw),Gateway channel adapter uses stored creds; agent receives normalized events/messages.,Agent invokes gateway/channel adapter operations; adapter handles external calls with stored creds.,Agent requests send/fetch via channel adapter; gateway executes with stored creds.,high,Local account/session + host permissions,High,High,"Harden host OS, dedicated service user, strict filesystem permissions, monitor bridge processes.","Level=high; Scope=Local account/session + host permissions; Rotation=High; BlastRadius=High; Hardening=Harden host OS, dedicated service user, strict filesystem permissions, monitor bridge processes.",docs.openclaw.ai/channels
model_provider,bedrock,Amazon Bedrock,provider docs page,LLM provider API,AWS auth,OpenClaw onboard / models auth / env-config,API keys in ~/.openclaw/openclaw.json (+ ~/.openclaw/.env); OAuth/session tokens in ~/.openclaw/agents/<agentId>/agent/auth-profiles.json,Agent selects model refs; runtime resolves provider creds internally.,Agent invokes gateway/channel adapter operations; adapter handles external calls with stored creds.,Agent requests generation; runtime signs upstream calls with stored creds.,medium,Provider/channel scoped access,Medium,Medium,"Use least-privilege credentials, isolate per integration, rotate every 60–90 days, enable audit logs, and restrict host/network access.","Level=medium; Scope=Provider/channel scoped access; Rotation=Medium; BlastRadius=Medium; Hardening=Use least-privilege credentials, isolate per integration, rotate every 60–90 days, enable audit logs, and restrict host/network access.",docs.openclaw.ai/concepts/model-providers + provider pages
model_provider,anthropic,Anthropic,built-in,LLM provider API,API key / setup-token,OpenClaw onboard / models auth / env-config,API keys in ~/.openclaw/openclaw.json (+ ~/.openclaw/.env); OAuth/session tokens in ~/.openclaw/agents/<agentId>/agent/auth-profiles.json,Agent selects model refs; runtime resolves provider creds internally.,Agent invokes gateway/channel adapter operations; adapter handles external calls with stored creds.,Agent requests generation; runtime signs upstream calls with stored creds.,medium-high,Service/account API scope,Medium,Medium-High,"Issue dedicated keys per integration, set spend/rate limits, rotate keys regularly.","Level=medium-high; Scope=Service/account API scope; Rotation=Medium; BlastRadius=Medium-High; Hardening=Issue dedicated keys per integration, set spend/rate limits, rotate keys regularly.",docs.openclaw.ai/concepts/model-providers + provider pages
model_provider,cerebras,Cerebras,built-in,LLM provider API,API key,OpenClaw onboard / models auth / env-config,API keys in ~/.openclaw/openclaw.json (+ ~/.openclaw/.env); OAuth/session tokens in ~/.openclaw/agents/<agentId>/agent/auth-profiles.json,Agent selects model refs; runtime resolves provider creds internally.,Agent invokes gateway/channel adapter operations; adapter handles external calls with stored creds.,Agent requests generation; runtime signs upstream calls with stored creds.,medium-high,Service/account API scope,Medium,Medium-High,"Issue dedicated keys per integration, set spend/rate limits, rotate keys regularly.","Level=medium-high; Scope=Service/account API scope; Rotation=Medium; BlastRadius=Medium-High; Hardening=Issue dedicated keys per integration, set spend/rate limits, rotate keys regularly.",docs.openclaw.ai/concepts/model-providers + provider pages
model_provider,glm-models,GLM Models,provider docs page,LLM provider API,provider auth,OpenClaw onboard / models auth / env-config,API keys in ~/.openclaw/openclaw.json (+ ~/.openclaw/.env); OAuth/session tokens in ~/.openclaw/agents/<agentId>/agent/auth-profiles.json,Agent selects model refs; runtime resolves provider creds internally.,Agent invokes gateway/channel adapter operations; adapter handles external calls with stored creds.,Agent requests generation; runtime signs upstream calls with stored creds.,medium,Provider/channel scoped access,Medium,Medium,"Use least-privilege credentials, isolate per integration, rotate every 60–90 days, enable audit logs, and restrict host/network access.","Level=medium; Scope=Provider/channel scoped access; Rotation=Medium; BlastRadius=Medium; Hardening=Use least-privilege credentials, isolate per integration, rotate every 60–90 days, enable audit logs, and restrict host/network access.",docs.openclaw.ai/concepts/model-providers + provider pages
model_provider,github-copilot,GitHub Copilot,built-in,LLM provider API,token,OpenClaw onboard / models auth / env-config,API keys in ~/.openclaw/openclaw.json (+ ~/.openclaw/.env); OAuth/session tokens in ~/.openclaw/agents/<agentId>/agent/auth-profiles.json,Agent selects model refs; runtime resolves provider creds internally.,Agent invokes gateway/channel adapter operations; adapter handles external calls with stored creds.,Agent requests generation; runtime signs upstream calls with stored creds.,medium-high,Service/account API scope,Medium,Medium-High,"Issue dedicated keys per integration, set spend/rate limits, rotate keys regularly.","Level=medium-high; Scope=Service/account API scope; Rotation=Medium; BlastRadius=Medium-High; Hardening=Issue dedicated keys per integration, set spend/rate limits, rotate keys regularly.",docs.openclaw.ai/concepts/model-providers + provider pages
model_provider,google-antigravity,Google Antigravity,built-in + bundled auth plugin,LLM provider API,OAuth login,OpenClaw onboard / models auth / env-config,API keys in ~/.openclaw/openclaw.json (+ ~/.openclaw/.env); OAuth/session tokens in ~/.openclaw/agents/<agentId>/agent/auth-profiles.json,Agent selects model refs; runtime resolves provider creds internally.,Agent invokes gateway/channel adapter operations; adapter handles external calls with stored creds.,Agent requests generation; runtime signs upstream calls with stored creds.,high,User delegated scopes / refresh tokens,Medium-High,High,"Minimize OAuth scopes, enforce re-consent/revocation playbooks, separate auth profiles per agent.","Level=high; Scope=User delegated scopes / refresh tokens; Rotation=Medium-High; BlastRadius=High; Hardening=Minimize OAuth scopes, enforce re-consent/revocation playbooks, separate auth profiles per agent.",docs.openclaw.ai/concepts/model-providers + provider pages
model_provider,google,Google Gemini,built-in,LLM provider API,API key,OpenClaw onboard / models auth / env-config,API keys in ~/.openclaw/openclaw.json (+ ~/.openclaw/.env); OAuth/session tokens in ~/.openclaw/agents/<agentId>/agent/auth-profiles.json,Agent selects model refs; runtime resolves provider creds internally.,Agent invokes gateway/channel adapter operations; adapter handles external calls with stored creds.,Agent requests generation; runtime signs upstream calls with stored creds.,medium-high,Service/account API scope,Medium,Medium-High,"Issue dedicated keys per integration, set spend/rate limits, rotate keys regularly.","Level=medium-high; Scope=Service/account API scope; Rotation=Medium; BlastRadius=Medium-High; Hardening=Issue dedicated keys per integration, set spend/rate limits, rotate keys regularly.",docs.openclaw.ai/concepts/model-providers + provider pages
model_provider,google-gemini-cli,Google Gemini CLI,built-in + bundled auth plugin,LLM provider API,OAuth login,OpenClaw onboard / models auth / env-config,API keys in ~/.openclaw/openclaw.json (+ ~/.openclaw/.env); OAuth/session tokens in ~/.openclaw/agents/<agentId>/agent/auth-profiles.json,Agent selects model refs; runtime resolves provider creds internally.,Agent invokes gateway/channel adapter operations; adapter handles external calls with stored creds.,Agent requests generation; runtime signs upstream calls with stored creds.,high,User delegated scopes / refresh tokens,Medium-High,High,"Minimize OAuth scopes, enforce re-consent/revocation playbooks, separate auth profiles per agent.","Level=high; Scope=User delegated scopes / refresh tokens; Rotation=Medium-High; BlastRadius=High; Hardening=Minimize OAuth scopes, enforce re-consent/revocation playbooks, separate auth profiles per agent.",docs.openclaw.ai/concepts/model-providers + provider pages
model_provider,google-vertex,Google Vertex,built-in,LLM provider API,ADC / gcloud auth,OpenClaw onboard / models auth / env-config,API keys in ~/.openclaw/openclaw.json (+ ~/.openclaw/.env); OAuth/session tokens in ~/.openclaw/agents/<agentId>/agent/auth-profiles.json,Agent selects model refs; runtime resolves provider creds internally.,Agent invokes gateway/channel adapter operations; adapter handles external calls with stored creds.,Agent requests generation; runtime signs upstream calls with stored creds.,medium,Provider/channel scoped access,Medium,Medium,"Use least-privilege credentials, isolate per integration, rotate every 60–90 days, enable audit logs, and restrict host/network access.","Level=medium; Scope=Provider/channel scoped access; Rotation=Medium; BlastRadius=Medium; Hardening=Use least-privilege credentials, isolate per integration, rotate every 60–90 days, enable audit logs, and restrict host/network access.",docs.openclaw.ai/concepts/model-providers + provider pages
model_provider,groq,Groq,built-in,LLM provider API,API key,OpenClaw onboard / models auth / env-config,API keys in ~/.openclaw/openclaw.json (+ ~/.openclaw/.env); OAuth/session tokens in ~/.openclaw/agents/<agentId>/agent/auth-profiles.json,Agent selects model refs; runtime resolves provider creds internally.,Agent invokes gateway/channel adapter operations; adapter handles external calls with stored creds.,Agent requests generation; runtime signs upstream calls with stored creds.,medium-high,Service/account API scope,Medium,Medium-High,"Issue dedicated keys per integration, set spend/rate limits, rotate keys regularly.","Level=medium-high; Scope=Service/account API scope; Rotation=Medium; BlastRadius=Medium-High; Hardening=Issue dedicated keys per integration, set spend/rate limits, rotate keys regularly.",docs.openclaw.ai/concepts/model-providers + provider pages
model_provider,minimax-cloud,MiniMax,provider docs page,LLM provider API,provider auth,OpenClaw onboard / models auth / env-config,API keys in ~/.openclaw/openclaw.json (+ ~/.openclaw/.env); OAuth/session tokens in ~/.openclaw/agents/<agentId>/agent/auth-profiles.json,Agent selects model refs; runtime resolves provider creds internally.,Agent invokes gateway/channel adapter operations; adapter handles external calls with stored creds.,Agent requests generation; runtime signs upstream calls with stored creds.,medium,Provider/channel scoped access,Medium,Medium,"Use least-privilege credentials, isolate per integration, rotate every 60–90 days, enable audit logs, and restrict host/network access.","Level=medium; Scope=Provider/channel scoped access; Rotation=Medium; BlastRadius=Medium; Hardening=Use least-privilege credentials, isolate per integration, rotate every 60–90 days, enable audit logs, and restrict host/network access.",docs.openclaw.ai/concepts/model-providers + provider pages
model_provider,mistral,Mistral,built-in,LLM provider API,API key,OpenClaw onboard / models auth / env-config,API keys in ~/.openclaw/openclaw.json (+ ~/.openclaw/.env); OAuth/session tokens in ~/.openclaw/agents/<agentId>/agent/auth-profiles.json,Agent selects model refs; runtime resolves provider creds internally.,Agent invokes gateway/channel adapter operations; adapter handles external calls with stored creds.,Agent requests generation; runtime signs upstream calls with stored creds.,medium-high,Service/account API scope,Medium,Medium-High,"Issue dedicated keys per integration, set spend/rate limits, rotate keys regularly.","Level=medium-high; Scope=Service/account API scope; Rotation=Medium; BlastRadius=Medium-High; Hardening=Issue dedicated keys per integration, set spend/rate limits, rotate keys regularly.",docs.openclaw.ai/concepts/model-providers + provider pages
model_provider,ollama,Ollama,built-in,LLM provider API,no key (local server),OpenClaw onboard / models auth / env-config,API keys in ~/.openclaw/openclaw.json (+ ~/.openclaw/.env); OAuth/session tokens in ~/.openclaw/agents/<agentId>/agent/auth-profiles.json,Agent selects model refs; runtime resolves provider creds internally.,Agent invokes gateway/channel adapter operations; adapter handles external calls with stored creds.,Agent requests generation; runtime signs upstream calls with stored creds.,low,No cloud secret (local runtime),Low,Low,"Bind local runtime to localhost, patch regularly, and restrict local access.","Level=low; Scope=No cloud secret (local runtime); Rotation=Low; BlastRadius=Low; Hardening=Bind local runtime to localhost, patch regularly, and restrict local access.",docs.openclaw.ai/concepts/model-providers + provider pages
model_provider,openai,OpenAI,built-in,LLM provider API,API key,OpenClaw onboard / models auth / env-config,API keys in ~/.openclaw/openclaw.json (+ ~/.openclaw/.env); OAuth/session tokens in ~/.openclaw/agents/<agentId>/agent/auth-profiles.json,Agent selects model refs; runtime resolves provider creds internally.,Agent invokes gateway/channel adapter operations; adapter handles external calls with stored creds.,Agent requests generation; runtime signs upstream calls with stored creds.,medium-high,Service/account API scope,Medium,Medium-High,"Issue dedicated keys per integration, set spend/rate limits, rotate keys regularly.","Level=medium-high; Scope=Service/account API scope; Rotation=Medium; BlastRadius=Medium-High; Hardening=Issue dedicated keys per integration, set spend/rate limits, rotate keys regularly.",docs.openclaw.ai/concepts/model-providers + provider pages
model_provider,openai-codex,OpenAI Code (Codex),built-in,LLM provider API,OAuth login,OpenClaw onboard / models auth / env-config,API keys in ~/.openclaw/openclaw.json (+ ~/.openclaw/.env); OAuth/session tokens in ~/.openclaw/agents/<agentId>/agent/auth-profiles.json,Agent selects model refs; runtime resolves provider creds internally.,Agent invokes gateway/channel adapter operations; adapter handles external calls with stored creds.,Agent requests generation; runtime signs upstream calls with stored creds.,high,User delegated scopes / refresh tokens,Medium-High,High,"Minimize OAuth scopes, enforce re-consent/revocation playbooks, separate auth profiles per agent.","Level=high; Scope=User delegated scopes / refresh tokens; Rotation=Medium-High; BlastRadius=High; Hardening=Minimize OAuth scopes, enforce re-consent/revocation playbooks, separate auth profiles per agent.",docs.openclaw.ai/concepts/model-providers + provider pages
model_provider,opencode,OpenCode Zen,built-in,LLM provider API,API key,OpenClaw onboard / models auth / env-config,API keys in ~/.openclaw/openclaw.json (+ ~/.openclaw/.env); OAuth/session tokens in ~/.openclaw/agents/<agentId>/agent/auth-profiles.json,Agent selects model refs; runtime resolves provider creds internally.,Agent invokes gateway/channel adapter operations; adapter handles external calls with stored creds.,Agent requests generation; runtime signs upstream calls with stored creds.,medium-high,Service/account API scope,Medium,Medium-High,"Issue dedicated keys per integration, set spend/rate limits, rotate keys regularly.","Level=medium-high; Scope=Service/account API scope; Rotation=Medium; BlastRadius=Medium-High; Hardening=Issue dedicated keys per integration, set spend/rate limits, rotate keys regularly.",docs.openclaw.ai/concepts/model-providers + provider pages
model_provider,openrouter,OpenRouter,built-in,LLM provider API,API key,OpenClaw onboard / models auth / env-config,API keys in ~/.openclaw/openclaw.json (+ ~/.openclaw/.env); OAuth/session tokens in ~/.openclaw/agents/<agentId>/agent/auth-profiles.json,Agent selects model refs; runtime resolves provider creds internally.,Agent invokes gateway/channel adapter operations; adapter handles external calls with stored creds.,Agent requests generation; runtime signs upstream calls with stored creds.,medium-high,Service/account API scope,Medium,Medium-High,"Issue dedicated keys per integration, set spend/rate limits, rotate keys regularly.","Level=medium-high; Scope=Service/account API scope; Rotation=Medium; BlastRadius=Medium-High; Hardening=Issue dedicated keys per integration, set spend/rate limits, rotate keys regularly.",docs.openclaw.ai/concepts/model-providers + provider pages
model_provider,qianfan,Qianfan,provider docs page,LLM provider API,provider auth,OpenClaw onboard / models auth / env-config,API keys in ~/.openclaw/openclaw.json (+ ~/.openclaw/.env); OAuth/session tokens in ~/.openclaw/agents/<agentId>/agent/auth-profiles.json,Agent selects model refs; runtime resolves provider creds internally.,Agent invokes gateway/channel adapter operations; adapter handles external calls with stored creds.,Agent requests generation; runtime signs upstream calls with stored creds.,medium,Provider/channel scoped access,Medium,Medium,"Use least-privilege credentials, isolate per integration, rotate every 60–90 days, enable audit logs, and restrict host/network access.","Level=medium; Scope=Provider/channel scoped access; Rotation=Medium; BlastRadius=Medium; Hardening=Use least-privilege credentials, isolate per integration, rotate every 60–90 days, enable audit logs, and restrict host/network access.",docs.openclaw.ai/concepts/model-providers + provider pages
model_provider,qwen-portal,Qwen Portal,bundled auth plugin,LLM provider API,OAuth device-code,OpenClaw onboard / models auth / env-config,API keys in ~/.openclaw/openclaw.json (+ ~/.openclaw/.env); OAuth/session tokens in ~/.openclaw/agents/<agentId>/agent/auth-profiles.json,Agent selects model refs; runtime resolves provider creds internally.,Agent invokes gateway/channel adapter operations; adapter handles external calls with stored creds.,Agent requests generation; runtime signs upstream calls with stored creds.,high,User delegated scopes / refresh tokens,Medium-High,High,"Minimize OAuth scopes, enforce re-consent/revocation playbooks, separate auth profiles per agent.","Level=high; Scope=User delegated scopes / refresh tokens; Rotation=Medium-High; BlastRadius=High; Hardening=Minimize OAuth scopes, enforce re-consent/revocation playbooks, separate auth profiles per agent.",docs.openclaw.ai/concepts/model-providers + provider pages
model_provider,vercel-ai-gateway,Vercel AI Gateway,built-in,LLM provider API,API key,OpenClaw onboard / models auth / env-config,API keys in ~/.openclaw/openclaw.json (+ ~/.openclaw/.env); OAuth/session tokens in ~/.openclaw/agents/<agentId>/agent/auth-profiles.json,Agent selects model refs; runtime resolves provider creds internally.,Agent invokes gateway/channel adapter operations; adapter handles external calls with stored creds.,Agent requests generation; runtime signs upstream calls with stored creds.,medium-high,Service/account API scope,Medium,Medium-High,"Issue dedicated keys per integration, set spend/rate limits, rotate keys regularly.","Level=medium-high; Scope=Service/account API scope; Rotation=Medium; BlastRadius=Medium-High; Hardening=Issue dedicated keys per integration, set spend/rate limits, rotate keys regularly.",docs.openclaw.ai/concepts/model-providers + provider pages
model_provider,zai,Z.AI (GLM),built-in,LLM provider API,API key,OpenClaw onboard / models auth / env-config,API keys in ~/.openclaw/openclaw.json (+ ~/.openclaw/.env); OAuth/session tokens in ~/.openclaw/agents/<agentId>/agent/auth-profiles.json,Agent selects model refs; runtime resolves provider creds internally.,Agent invokes gateway/channel adapter operations; adapter handles external calls with stored creds.,Agent requests generation; runtime signs upstream calls with stored creds.,medium-high,Service/account API scope,Medium,Medium-High,"Issue dedicated keys per integration, set spend/rate limits, rotate keys regularly.","Level=medium-high; Scope=Service/account API scope; Rotation=Medium; BlastRadius=Medium-High; Hardening=Issue dedicated keys per integration, set spend/rate limits, rotate keys regularly.",docs.openclaw.ai/concepts/model-providers + provider pages
model_provider,xai,xAI,built-in,LLM provider API,API key,OpenClaw onboard / models auth / env-config,API keys in ~/.openclaw/openclaw.json (+ ~/.openclaw/.env); OAuth/session tokens in ~/.openclaw/agents/<agentId>/agent/auth-profiles.json,Agent selects model refs; runtime resolves provider creds internally.,Agent invokes gateway/channel adapter operations; adapter handles external calls with stored creds.,Agent requests generation; runtime signs upstream calls with stored creds.,medium-high,Service/account API scope,Medium,Medium-High,"Issue dedicated keys per integration, set spend/rate limits, rotate keys regularly.","Level=medium-high; Scope=Service/account API scope; Rotation=Medium; BlastRadius=Medium-High; Hardening=Issue dedicated keys per integration, set spend/rate limits, rotate keys regularly.",docs.openclaw.ai/concepts/model-providers + provider pages
plugin_package,@openclaw/bluebubbles,BlueBubbles plugin,published npm plugin (@openclaw/*),Plugin extension,depends on plugin,Plugin setup flow via OpenClaw CLI/config,~/.openclaw/openclaw.json (+ ~/.openclaw/.env) and/or plugin state under $OPENCLAW_STATE_DIR (default ~/.openclaw),Plugin registers tools/channels/hooks; agent uses those abstractions.,Agent invokes plugin-registered tools/hooks; plugin executes actions with runtime-configured creds.,Yes when plugin defines outbound actions/connectors.,medium-high,Depends on plugin permissions and configured creds,Medium,Medium-High,"Pin versions, verify provenance, review permissions/code, run with least privilege.","Level=medium-high; Scope=Depends on plugin permissions and configured creds; Rotation=Medium; BlastRadius=Medium-High; Hardening=Pin versions, verify provenance, review permissions/code, run with least privilege.",docs.openclaw.ai/plugin + docs.openclaw.ai/reference/RELEASING
plugin_package,@openclaw/diagnostics-otel,Diagnostics OpenTelemetry plugin,published npm plugin (@openclaw/*),Plugin extension,depends on plugin,Plugin setup flow via OpenClaw CLI/config,~/.openclaw/openclaw.json (+ ~/.openclaw/.env) and/or plugin state under $OPENCLAW_STATE_DIR (default ~/.openclaw),Plugin registers tools/channels/hooks; agent uses those abstractions.,Agent invokes plugin-registered tools/hooks; plugin executes actions with runtime-configured creds.,Yes when plugin defines outbound actions/connectors.,medium-high,Depends on plugin permissions and configured creds,Medium,Medium-High,"Pin versions, verify provenance, review permissions/code, run with least privilege.","Level=medium-high; Scope=Depends on plugin permissions and configured creds; Rotation=Medium; BlastRadius=Medium-High; Hardening=Pin versions, verify provenance, review permissions/code, run with least privilege.",docs.openclaw.ai/plugin + docs.openclaw.ai/reference/RELEASING
plugin_package,@openclaw/discord,Discord plugin package,published npm plugin (@openclaw/*),Plugin extension,depends on plugin,Plugin setup flow via OpenClaw CLI/config,~/.openclaw/openclaw.json (+ ~/.openclaw/.env) and/or plugin state under $OPENCLAW_STATE_DIR (default ~/.openclaw),Plugin registers tools/channels/hooks; agent uses those abstractions.,Agent invokes plugin-registered tools/hooks; plugin executes actions with runtime-configured creds.,Yes when plugin defines outbound actions/connectors.,medium-high,Depends on plugin permissions and configured creds,Medium,Medium-High,"Pin versions, verify provenance, review permissions/code, run with least privilege.","Level=medium-high; Scope=Depends on plugin permissions and configured creds; Rotation=Medium; BlastRadius=Medium-High; Hardening=Pin versions, verify provenance, review permissions/code, run with least privilege.",docs.openclaw.ai/plugin + docs.openclaw.ai/reference/RELEASING
plugin_package,@openclaw/feishu,Feishu plugin package,published npm plugin (@openclaw/*),Plugin extension,depends on plugin,Plugin setup flow via OpenClaw CLI/config,~/.openclaw/openclaw.json (+ ~/.openclaw/.env) and/or plugin state under $OPENCLAW_STATE_DIR (default ~/.openclaw),Plugin registers tools/channels/hooks; agent uses those abstractions.,Agent invokes plugin-registered tools/hooks; plugin executes actions with runtime-configured creds.,Yes when plugin defines outbound actions/connectors.,medium-high,Depends on plugin permissions and configured creds,Medium,Medium-High,"Pin versions, verify provenance, review permissions/code, run with least privilege.","Level=medium-high; Scope=Depends on plugin permissions and configured creds; Rotation=Medium; BlastRadius=Medium-High; Hardening=Pin versions, verify provenance, review permissions/code, run with least privilege.",docs.openclaw.ai/plugin + docs.openclaw.ai/reference/RELEASING
plugin_package,@openclaw/lobster,Lobster plugin,published npm plugin (@openclaw/*),Plugin extension,depends on plugin,Plugin setup flow via OpenClaw CLI/config,~/.openclaw/openclaw.json (+ ~/.openclaw/.env) and/or plugin state under $OPENCLAW_STATE_DIR (default ~/.openclaw),Plugin registers tools/channels/hooks; agent uses those abstractions.,Agent invokes plugin-registered tools/hooks; plugin executes actions with runtime-configured creds.,Yes when plugin defines outbound actions/connectors.,medium-high,Depends on plugin permissions and configured creds,Medium,Medium-High,"Pin versions, verify provenance, review permissions/code, run with least privilege.","Level=medium-high; Scope=Depends on plugin permissions and configured creds; Rotation=Medium; BlastRadius=Medium-High; Hardening=Pin versions, verify provenance, review permissions/code, run with least privilege.",docs.openclaw.ai/plugin + docs.openclaw.ai/reference/RELEASING
plugin_package,@openclaw/msteams,MS Teams plugin package,published npm plugin (@openclaw/*),Plugin extension,depends on plugin,Plugin setup flow via OpenClaw CLI/config,~/.openclaw/openclaw.json (+ ~/.openclaw/.env) and/or plugin state under $OPENCLAW_STATE_DIR (default ~/.openclaw),Plugin registers tools/channels/hooks; agent uses those abstractions.,Agent invokes plugin-registered tools/hooks; plugin executes actions with runtime-configured creds.,Yes when plugin defines outbound actions/connectors.,medium-high,Depends on plugin permissions and configured creds,Medium,Medium-High,"Pin versions, verify provenance, review permissions/code, run with least privilege.","Level=medium-high; Scope=Depends on plugin permissions and configured creds; Rotation=Medium; BlastRadius=Medium-High; Hardening=Pin versions, verify provenance, review permissions/code, run with least privilege.",docs.openclaw.ai/plugin + docs.openclaw.ai/reference/RELEASING
plugin_package,@openclaw/matrix,Matrix plugin package,published npm plugin (@openclaw/*),Plugin extension,depends on plugin,Plugin setup flow via OpenClaw CLI/config,~/.openclaw/openclaw.json (+ ~/.openclaw/.env) and/or plugin state under $OPENCLAW_STATE_DIR (default ~/.openclaw),Plugin registers tools/channels/hooks; agent uses those abstractions.,Agent invokes plugin-registered tools/hooks; plugin executes actions with runtime-configured creds.,Yes when plugin defines outbound actions/connectors.,medium-high,Depends on plugin permissions and configured creds,Medium,Medium-High,"Pin versions, verify provenance, review permissions/code, run with least privilege.","Level=medium-high; Scope=Depends on plugin permissions and configured creds; Rotation=Medium; BlastRadius=Medium-High; Hardening=Pin versions, verify provenance, review permissions/code, run with least privilege.",docs.openclaw.ai/plugin + docs.openclaw.ai/reference/RELEASING
plugin_package,@openclaw/nextcloud-talk,Nextcloud Talk plugin package,published npm plugin (@openclaw/*),Plugin extension,depends on plugin,Plugin setup flow via OpenClaw CLI/config,~/.openclaw/openclaw.json (+ ~/.openclaw/.env) and/or plugin state under $OPENCLAW_STATE_DIR (default ~/.openclaw),Plugin registers tools/channels/hooks; agent uses those abstractions.,Agent invokes plugin-registered tools/hooks; plugin executes actions with runtime-configured creds.,Yes when plugin defines outbound actions/connectors.,medium-high,Depends on plugin permissions and configured creds,Medium,Medium-High,"Pin versions, verify provenance, review permissions/code, run with least privilege.","Level=medium-high; Scope=Depends on plugin permissions and configured creds; Rotation=Medium; BlastRadius=Medium-High; Hardening=Pin versions, verify provenance, review permissions/code, run with least privilege.",docs.openclaw.ai/plugin + docs.openclaw.ai/reference/RELEASING
plugin_package,@openclaw/nostr,Nostr plugin package,published npm plugin (@openclaw/*),Plugin extension,depends on plugin,Plugin setup flow via OpenClaw CLI/config,~/.openclaw/openclaw.json (+ ~/.openclaw/.env) and/or plugin state under $OPENCLAW_STATE_DIR (default ~/.openclaw),Plugin registers tools/channels/hooks; agent uses those abstractions.,Agent invokes plugin-registered tools/hooks; plugin executes actions with runtime-configured creds.,Yes when plugin defines outbound actions/connectors.,medium-high,Depends on plugin permissions and configured creds,Medium,Medium-High,"Pin versions, verify provenance, review permissions/code, run with least privilege.","Level=medium-high; Scope=Depends on plugin permissions and configured creds; Rotation=Medium; BlastRadius=Medium-High; Hardening=Pin versions, verify provenance, review permissions/code, run with least privilege.",docs.openclaw.ai/plugin + docs.openclaw.ai/reference/RELEASING
plugin_package,@openclaw/voice-call,Voice-call plugin package,published npm plugin (@openclaw/*),Plugin extension,depends on plugin,Plugin setup flow via OpenClaw CLI/config,~/.openclaw/openclaw.json (+ ~/.openclaw/.env) and/or plugin state under $OPENCLAW_STATE_DIR (default ~/.openclaw),Plugin registers tools/channels/hooks; agent uses those abstractions.,Agent invokes plugin-registered tools/hooks; plugin executes actions with runtime-configured creds.,Yes when plugin defines outbound actions/connectors.,medium-high,Depends on plugin permissions and configured creds,Medium,Medium-High,"Pin versions, verify provenance, review permissions/code, run with least privilege.","Level=medium-high; Scope=Depends on plugin permissions and configured creds; Rotation=Medium; BlastRadius=Medium-High; Hardening=Pin versions, verify provenance, review permissions/code, run with least privilege.",docs.openclaw.ai/plugin + docs.openclaw.ai/reference/RELEASING
plugin_package,@openclaw/zalouser,Zalo Personal plugin package,published npm plugin (@openclaw/*),Plugin extension,depends on plugin,Plugin setup flow via OpenClaw CLI/config,~/.openclaw/openclaw.json (+ ~/.openclaw/.env) and/or plugin state under $OPENCLAW_STATE_DIR (default ~/.openclaw),Plugin registers tools/channels/hooks; agent uses those abstractions.,Agent invokes plugin-registered tools/hooks; plugin executes actions with runtime-configured creds.,Yes when plugin defines outbound actions/connectors.,medium-high,Depends on plugin permissions and configured creds,Medium,Medium-High,"Pin versions, verify provenance, review permissions/code, run with least privilege.","Level=medium-high; Scope=Depends on plugin permissions and configured creds; Rotation=Medium; BlastRadius=Medium-High; Hardening=Pin versions, verify provenance, review permissions/code, run with least privilege.",docs.openclaw.ai/plugin + docs.openclaw.ai/reference/RELEASING
plugin_package,@openclaw/zalo,Zalo plugin package,published npm plugin (@openclaw/*),Plugin extension,depends on plugin,Plugin setup flow via OpenClaw CLI/config,~/.openclaw/openclaw.json (+ ~/.openclaw/.env) and/or plugin state under $OPENCLAW_STATE_DIR (default ~/.openclaw),Plugin registers tools/channels/hooks; agent uses those abstractions.,Agent invokes plugin-registered tools/hooks; plugin executes actions with runtime-configured creds.,Yes when plugin defines outbound actions/connectors.,medium-high,Depends on plugin permissions and configured creds,Medium,Medium-High,"Pin versions, verify provenance, review permissions/code, run with least privilege.","Level=medium-high; Scope=Depends on plugin permissions and configured creds; Rotation=Medium; BlastRadius=Medium-High; Hardening=Pin versions, verify provenance, review permissions/code, run with least privilege.",docs.openclaw.ai/plugin + docs.openclaw.ai/reference/RELEASING
productivity_api,google-gmail,Google Gmail,AH5-native,Google Gmail API (REST),OAuth 2.0 authorization code,AH5 dashboard OAuth consent flow,"AH5 vault (PostgreSQL, AES-256-GCM encrypted)","Vault token vending (Model A) or brokered proxy (Model B); agent uses POST /v1/vault/execute.","Agent calls vault execute; vault resolves user's OAuth token and calls Gmail API on agent's behalf.","Model A: agent receives short-lived access token. Model B: vault proxies the API call.",high,User delegated OAuth scopes (gmail.readonly / gmail.send),Low (automatic token refresh),High,"Minimize OAuth scopes per action template, enforce policy engine rules, audit all vault access, require step-up approval for sends.","Level=high; Scope=User delegated OAuth scopes; Rotation=Low (automatic refresh); BlastRadius=High; Hardening=Minimize scopes, policy engine, audit logging, step-up approval for writes.",AH5 PRD + action templates
productivity_api,google-calendar,Google Calendar,AH5-native,Google Calendar API (REST),OAuth 2.0 authorization code,AH5 dashboard OAuth consent flow,"AH5 vault (PostgreSQL, AES-256-GCM encrypted)","Vault token vending (Model A) or brokered proxy (Model B); agent uses POST /v1/vault/execute.","Agent calls vault execute; vault resolves user's OAuth token and calls Calendar API on agent's behalf.","Model A: agent receives short-lived access token. Model B: vault proxies the API call.",high,User delegated OAuth scopes (calendar.events.readonly / calendar.events),Low (automatic token refresh),High,"Minimize OAuth scopes per action template, enforce policy engine rules, audit all vault access, require step-up approval for event mutations.","Level=high; Scope=User delegated OAuth scopes; Rotation=Low (automatic refresh); BlastRadius=High; Hardening=Minimize scopes, policy engine, audit logging, step-up approval for writes.",AH5 PRD + action templates
productivity_api,google-drive,Google Drive,AH5-native,Google Drive API (REST),OAuth 2.0 authorization code,AH5 dashboard OAuth consent flow,"AH5 vault (PostgreSQL, AES-256-GCM encrypted)","Vault token vending (Model A) or brokered proxy (Model B); agent uses POST /v1/vault/execute.","Agent calls vault execute; vault resolves user's OAuth token and calls Drive API on agent's behalf.","Model A: agent receives short-lived access token. Model B: vault proxies the API call.",high,User delegated OAuth scopes (drive.readonly / drive.file),Low (automatic token refresh),High,"Minimize OAuth scopes per action template (drive.file preferred over drive), enforce policy engine rules, audit all vault access, require step-up approval for file mutations.","Level=high; Scope=User delegated OAuth scopes; Rotation=Low (automatic refresh); BlastRadius=High; Hardening=Minimize scopes (drive.file not drive), policy engine, audit logging, step-up approval.",AH5 PRD + action templates
productivity_api,microsoft-outlook-mail,Microsoft Outlook Mail,AH5-native,Microsoft Graph API (REST),OAuth 2.0 authorization code,AH5 dashboard OAuth consent flow,"AH5 vault (PostgreSQL, AES-256-GCM encrypted)","Vault token vending (Model A) or brokered proxy (Model B); agent uses POST /v1/vault/execute.","Agent calls vault execute; vault resolves user's OAuth token and calls Graph API /me/messages on agent's behalf.","Model A: agent receives short-lived access token. Model B: vault proxies the API call.",high,User delegated Graph API scopes (Mail.Read / Mail.Send),Low (automatic token refresh),High,"Minimize Graph API scopes per action template, enforce policy engine rules, audit all vault access, require step-up approval for sends.","Level=high; Scope=User delegated Graph API scopes; Rotation=Low (automatic refresh); BlastRadius=High; Hardening=Minimize scopes, policy engine, audit logging, step-up approval for sends.",AH5 PRD + action templates
